{
  "palette": "latte",
  "assigned": {
    "base": {
      "Index": 77,
      "color_id": 77,
      "palette": "latte",
      "role": "background",
      "hex": "#403838",
      "R": 64,
      "G": 56,
      "B": 56,
      "L": 24.334521686358386,
      "a": 3.504045225966812,
      "b": 1.2850978746808517,
      "chroma": 3.7322659997821765,
      "hue": 20.140357725068505,
      "frequency": 8e-05,
      "score": -11.31548761701925,
      "L_rank": 0.2244897959183673,
      "chroma_rank": 0.979591836734694,
      "derived": false
    },
    "surface1": {
      "Index": 244,
      "color_id": 244,
      "palette": "latte",
      "role": "surface",
      "hex": "#685858",
      "R": 104,
      "G": 88,
      "B": 88,
      "L": 38.94564914397428,
      "a": 6.530888373752985,
      "b": 2.4293438533333545,
      "chroma": 6.968085426295408,
      "hue": 20.404071081172894,
      "frequency": 0.00031,
      "score": -10.636534865667526,
      "L_rank": 0.5970149253731343,
      "chroma_rank": 0.835820895522388,
      "derived": false
    },
    "overlay1": {
      "Index": 472,
      "color_id": 472,
      "palette": "latte",
      "role": "overlay",
      "hex": "#908878",
      "R": 144,
      "G": 136,
      "B": 120,
      "L": 56.972082594245606,
      "a": 0.1522573196450771,
      "b": 9.674650047429443,
      "chroma": 9.675848067823928,
      "hue": 89.09836721126526,
      "frequency": 6e-05,
      "score": -17.034916732552183,
      "L_rank": 0.5517241379310345,
      "chroma_rank": 0.0620689655172413,
      "derived": false
    },
    "text": {
      "Index": 612,
      "color_id": 612,
      "palette": "latte",
      "role": "text",
      "hex": "#b0c0a8",
      "R": 176,
      "G": 192,
      "B": 168,
      "L": 75.91943149618871,
      "a": -9.942305753873004,
      "b": 10.249012540984491,
      "chroma": 14.279065157381755,
      "hue": 134.1297421595436,
      "frequency": 0.00011,
      "score": -15.73611522182344,
      "L_rank": 0.8578431372549019,
      "chroma_rank": 0.2941176470588235,
      "derived": false
    },
    "mantle": {
      "color_id": 101,
      "palette": "latte",
      "role": "background",
      "hex": "#484040",
      "R": 72,
      "G": 64,
      "B": 64,
      "L": 27.885192977346513,
      "a": 3.4240079769469745,
      "b": 1.2509536013713962,
      "chroma": 3.645369053879261,
      "hue": 20.06966226027743,
      "frequency": 0.00026,
      "score": -11.22062112463723,
      "L_rank": 0.2653061224489796,
      "chroma_rank": 0.8979591836734694,
      "dist": 0.4493287090118727,
      "derived": false
    },
    "crust": {
      "color_id": 27,
      "palette": "latte",
      "role": "background",
      "hex": "#283030",
      "R": 40,
      "G": 48,
      "B": 48,
      "L": 19.133461318054938,
      "a": -3.4299250814801563,
      "b": -1.1573282959919773,
      "chroma": 3.6199164146800897,
      "hue": 198.64546832651172,
      "frequency": 0.00074,
      "score": -7.670434524210628,
      "L_rank": 0.1836734693877551,
      "chroma_rank": 0.8775510204081632,
      "dist": 1.2010603683034482,
      "derived": false
    },
    "surface0": {
      "color_id": 109,
      "palette": "latte",
      "role": "surface",
      "hex": "#485048",
      "R": 72,
      "G": 80,
      "B": 72,
      "L": 33.09858125466899,
      "a": -4.978290711741273,
      "b": 3.629869856656831,
      "chroma": 6.161114638348756,
      "hue": 143.90272132832345,
      "frequency": 0.00771,
      "score": -13.780470897564072,
      "L_rank": 0.4925373134328358,
      "chroma_rank": 0.1940298507462686,
      "dist": 0.15293211069471369,
      "derived": false
    },
    "surface2": {
      "color_id": 335,
      "palette": "latte",
      "role": "surface",
      "hex": "#786868",
      "R": 120,
      "G": 104,
      "B": 104,
      "L": 45.48801812328343,
      "a": 6.329037649919211,
      "b": 2.337577765303634,
      "chroma": 6.746924290588773,
      "hue": 20.271292503710697,
      "frequency": 0.00031,
      "score": -10.402095872214671,
      "L_rank": 0.6567164179104478,
      "chroma_rank": 0.6865671641791045,
      "dist": 0.5423689793091526,
      "derived": false
    },
    "overlay0": {
      "color_id": 387,
      "palette": "latte",
      "role": "overlay",
      "hex": "#807868",
      "R": 128,
      "G": 120,
      "B": 104,
      "L": 50.71289339353788,
      "a": 0.1967908327673573,
      "b": 9.901363514715,
      "chroma": 9.903318942778258,
      "hue": 88.86138915685176,
      "frequency": 0.00011,
      "score": -16.78349805215651,
      "L_rank": 0.4482758620689655,
      "chroma_rank": 0.2344827586206896,
      "dist": 0.25918920070772344,
      "derived": false
    },
    "overlay2": {
      "color_id": 565,
      "palette": "latte",
      "role": "overlay",
      "hex": "#a89098",
      "R": 168,
      "G": 144,
      "B": 152,
      "L": 62.11655966735199,
      "a": 10.357422278658158,
      "b": -0.8926219486152132,
      "chroma": 10.395815033059888,
      "hue": 355.0743137873931,
      "frequency": 0.00057,
      "score": -7.226842203875896,
      "L_rank": 0.6344827586206897,
      "chroma_rank": 0.6482758620689655,
      "dist": 0.8555229268936131,
      "derived": false
    },
    "subtext1": {
      "color_id": 537,
      "palette": "latte",
      "role": "text",
      "hex": "#a0b098",
      "R": 160,
      "G": 176,
      "B": 152,
      "L": 70.02926901971124,
      "a": -10.098420589351454,
      "b": 10.42739113155433,
      "chroma": 14.51580463528823,
      "hue": 134.0817897837368,
      "frequency": 5e-05,
      "score": -15.504470981497647,
      "L_rank": 0.7598039215686274,
      "chroma_rank": 0.4656862745098039,
      "dist": 0.10983752352252907,
      "derived": false
    },
    "subtext0": {
      "color_id": 479,
      "palette": "latte",
      "role": "text",
      "hex": "#90a088",
      "R": 144,
      "G": 160,
      "B": 136,
      "L": 64.03787854098438,
      "a": -10.270004419002554,
      "b": 10.62587282257894,
      "chroma": 14.777759099672512,
      "hue": 134.0243153511269,
      "frequency": 4e-05,
      "score": -15.541849662270142,
      "L_rank": 0.6617647058823529,
      "chroma_rank": 0.6617647058823529,
      "dist": 0.1184470447956727,
      "derived": false
    },
    "rosewater": {
      "color_id": 421,
      "palette": "latte",
      "role": "accent_red",
      "hex": "#884020",
      "R": 136,
      "G": 64,
      "B": 32,
      "L": 35.997412191631334,
      "a": 28.425906494725677,
      "b": 33.11391981616203,
      "chroma": 43.64130893589348,
      "hue": 49.35629431957162,
      "frequency": 0.00027,
      "score": -15.244843012804978,
      "L_rank": 0.0995850622406639,
      "chroma_rank": 0.0331950207468879,
      "hue_dist": 31.015871812097135,
      "derived": false
    },
    "flamingo": {
      "color_id": 525,
      "palette": "latte",
      "role": "accent_red",
      "hex": "#a04820",
      "R": 160,
      "G": 72,
      "B": 32,
      "L": 41.555475648236595,
      "a": 34.05317795356152,
      "b": 40.02835608182792,
      "chroma": 52.553669894218984,
      "hue": 49.61131082368332,
      "frequency": 0.00016,
      "score": -6.3585337048906405,
      "L_rank": 0.2074688796680498,
      "chroma_rank": 0.4190871369294606,
      "hue_dist": 31.270888316208836,
      "derived": false
    },
    "pink": {
      "color_id": 557,
      "palette": "latte",
      "role": "accent_red",
      "hex": "#a85028",
      "R": 168,
      "G": 80,
      "B": 40,
      "L": 44.54360148474392,
      "a": 33.43657274244588,
      "b": 39.43326904628868,
      "chroma": 51.700939105956905,
      "hue": 49.704455366997514,
      "frequency": 0.00014,
      "score": -7.220678947484139,
      "L_rank": 0.3029045643153527,
      "chroma_rank": 0.3941908713692946,
      "hue_dist": 31.364032859523032,
      "derived": false
    },
    "red": {
      "color_id": 460,
      "palette": "latte",
      "role": "accent_red",
      "hex": "#904018",