{
  "palette": "latte",
  "assigned": {
    "base": {
      "Index": 74,
      "color_id": 74,
      "palette": "latte",
      "role": "background",
      "hex": "#403838",
      "R": 64,
      "G": 56,
      "B": 56,
      "L": 24.334521686358386,
      "a": 3.504045225966812,
      "b": 1.2850978746808517,
      "chroma": 3.7322659997821765,
      "hue": 20.140357725068505,
      "frequency": 0.00021,
      "score": -11.314837617019252,
      "L_rank": 0.1764705882352941,
      "chroma_rank": 0.9803921568627452,
      "derived": false
    },
    "surface1": {
      "Index": 158,
      "color_id": 158,
      "palette": "latte",
      "role": "surface",
      "hex": "#685858",
      "R": 104,
      "G": 88,
      "B": 88,
      "L": 38.94564914397428,
      "a": 6.530888373752985,
      "b": 2.4293438533333545,
      "chroma": 6.968085426295408,
      "hue": 20.404071081172894,
      "frequency": 4e-05,
      "score": -10.637884865667528,
      "L_rank": 0.6065573770491803,
      "chroma_rank": 0.819672131147541,
      "derived": false
    },
    "overlay1": {
      "Index": 255,
      "color_id": 255,
      "palette": "latte",
      "role": "overlay",
      "hex": "#908878",
      "R": 144,
      "G": 136,
      "B": 120,
      "L": 56.972082594245606,
      "a": 0.1522573196450771,
      "b": 9.674650047429443,
      "chroma": 9.675848067823928,
      "hue": 89.09836721126526,
      "frequency": 0.00395,
      "score": -17.015466732552184,
      "L_rank": 0.6181818181818182,
      "chroma_rank": 0.0636363636363636,
      "derived": false
    },
    "text": {
      "Index": 302,
      "color_id": 302,
      "palette": "latte",
      "role": "text",
      "hex": "#b0c0a8",
      "R": 176,
      "G": 192,
      "B": 168,
      "L": 75.91943149618871,
      "a": -9.942305753873004,
      "b": 10.249012540984491,
      "chroma": 14.279065157381755,
      "hue": 134.1297421595436,
      "frequency": 9e-05,
      "score": -15.73621522182344,
      "L_rank": 0.9098360655737704,
      "chroma_rank": 0.3442622950819672,
      "derived": false
    },
    "mantle": {
      "color_id": 89,
      "palette": "latte",
      "role": "background",
      "hex": "#484040",
      "R": 72,
      "G": 64,
      "B": 64,
      "L": 27.885192977346513,
      "a": 3.4240079769469745,
      "b": 1.2509536013713962,
      "chroma": 3.645369053879261,
      "hue": 20.06966226027743,
      "frequency": 0.00036,
      "score": -11.22012112463723,
      "L_rank": 0.2156862745098039,
      "chroma_rank": 0.9019607843137256,
      "dist": 0.4493287090118727,
      "derived": false
    },
    "crust": {
      "color_id": 36,
      "palette": "latte",
      "role": "background",
      "hex": "#283030",
      "R": 40,
      "G": 48,
      "B": 48,
      "L": 19.133461318054938,
      "a": -3.4299250814801563,
      "b": -1.1573282959919773,
      "chroma": 3.6199164146800897,
      "hue": 198.64546832651172,
      "frequency": 0.00077,
      "score": -7.6702845242106275,
      "L_rank": 0.1372549019607843,
      "chroma_rank": 0.8823529411764706,
      "dist": 1.2010603683034482,
      "derived": false
    },
    "surface0": {
      "color_id": 94,
      "palette": "latte",
      "role": "surface",
      "hex": "#485048",
      "R": 72,
      "G": 80,
      "B": 72,
      "L": 33.09858125466899,
      "a": -4.978290711741273,
      "b": 3.629869856656831,
      "chroma": 6.161114638348756,
      "hue": 143.90272132832345,
      "frequency": 0.00716,
      "score": -13.783220897564073,
      "L_rank": 0.4918032786885246,
      "chroma_rank": 0.1967213114754098,
      "dist": 0.15293211069471369,
      "derived": false
    },
    "surface2": {
      "color_id": 151,
      "palette": "latte",
      "role": "surface",
      "hex": "#607070",
      "R": 96,
      "G": 112,
      "B": 112,
      "L": 45.96750262887259,
      "a": -5.956252018884833,
      "b": -2.0109940784595493,
      "chroma": 6.286575800550648,
      "hue": 198.65609323898735,
      "frequency": 0.0021,
      "score": -8.207722544295788,
      "L_rank": 0.6721311475409836,
      "chroma_rank": 0.3114754098360656,
      "dist": 1.0218534848983083,
      "derived": false
    },
    "overlay0": {
      "color_id": 218,
      "palette": "latte",
      "role": "overlay",
      "hex": "#807868",
      "R": 128,
      "G": 120,
      "B": 104,
      "L": 50.71289339353788,
      "a": 0.1967908327673573,
      "b": 9.901363514715,
      "chroma": 9.903318942778258,
      "hue": 88.86138915685176,
      "frequency": 0.00446,
      "score": -16.76174805215651,
      "L_rank": 0.5181818181818182,
      "chroma_rank": 0.2272727272727272,
      "dist": 0.25918920070772344,
      "derived": false
    },
    "overlay2": {
      "color_id": 245,
      "palette": "latte",
      "role": "overlay",
      "hex": "#8898a8",
      "R": 136,
      "G": 152,
      "B": 168,
      "L": 62.09788759115082,
      "a": -2.174624645819856,
      "b": -10.27140360646499,
      "chroma": 10.49908207402481,
      "hue": 258.04606444246934,
      "frequency": 2e-05,
      "score": -2.8931475505282886,
      "L_rank": 0.7,
      "chroma_rank": 0.7090909090909091,
      "dist": 0.8741950030947834,
      "derived": false
    },
    "subtext1": {
      "color_id": 281,
      "palette": "latte",
      "role": "text",
      "hex": "#a0b098",
      "R": 160,
      "G": 176,
      "B": 152,
      "L": 70.02926901971124,
      "a": -10.098420589351454,
      "b": 10.42739113155433,
      "chroma": 14.51580463528823,
      "hue": 134.0817897837368,
      "frequency": 9e-05,
      "score": -15.504270981497646,
      "L_rank": 0.8524590163934426,
      "chroma_rank": 0.5081967213114754,
      "dist": 0.10983752352252907,
      "derived": false
    },
    "subtext0": {
      "color_id": 258,
      "palette": "latte",
      "role": "text",
      "hex": "#90a088",
      "R": 144,
      "G": 160,
      "B": 136,
      "L": 64.03787854098438,
      "a": -10.270004419002554,
      "b": 10.62587282257894,
      "chroma": 14.777759099672512,
      "hue": 134.0243153511269,
      "frequency": 8e-05,
      "score": -15.54164966227014,
      "L_rank": 0.7459016393442623,
      "chroma_rank": 0.7459016393442623,
      "dist": 0.1184470447956727,
      "derived": false
    },
    "rosewater": {
      "color_id": 214,
      "palette": "latte",
      "role": "accent_red",
      "hex": "#803818",
      "R": 128,
      "G": 56,
      "B": 24,
      "L": 32.886100853155064,
      "a": 29.060745991950633,
      "b": 33.74988361960671,
      "chroma": 44.537417998191955,
      "hue": 49.26950548612035,
      "frequency": 0.00025,
      "score": -14.340155067161373,
      "L_rank": 0.6666666666666666,
      "chroma_rank": 0.2222222222222222,
      "hue_dist": 30.92908297864587,
      "derived": false
    },
    "flamingo": {
      "color_id": 195,
      "palette": "latte",
      "role": "accent_red",
      "hex": "#783010",
      "R": 120,
      "G": 48,
      "B": 16,
      "L": 29.77682988166145,
      "a": 29.710939892963168,
      "b": 34.32155726792392,
      "chroma": 45.39503544021804,
      "hue": 49.11843679883549,
      "frequency": 6e-05,
      "score": -13.468380756406804,
      "L_rank": 0.3333333333333333,
      "chroma_rank": 0.4444444444444444,
      "hue_dist": 30.778014291361007,
      "derived": false
    },
    "pink": {
      "color_id": 233,
      "palette": "latte",
      "role": "accent_red",
      "hex": "#884020",
      "R": 136,
      "G": 64,
      "B": 32,
      "L": 35.997412191631334,
      "a": 28.425906494725677,
      "b": 33.11391981616203,
      "chroma": 43.64130893589348,
      "hue": 49.35629431957162,
      "frequency": 6e-05,
      "score": -15.24589301280498,
      "L_rank": 1.0,
      "chroma_rank": 0.1111111111111111,
      "hue_dist": 31.015871812097135,
      "derived": false
    },
    "red": {
      "color_id": 213,
      "palette": "latte",
      "role": "accent_red",
      "hex": "#803018",
      "R": 128,
      "G": 48,